id,sum_base_price,sum_disc_price,sum_charge,avg_qty,avg_price,avg_disc,sum_qty,count_order,p_size,ps_min_supplycost,revenue,o_totalprice,o_shippriority
1,97616494.46,92813086.7785,96556135.059928,25.2356164383562,38206.0643679061,0.0491232876712329,64477,2555,31,54.93,33956.0043,157152.37,0
2,48267290.15,45815173.7368,47591721.942992,25.853344077357,38893.8679693795,0.0502739726027397,32084,1241,48,154.33,5938.048,37722.25,0
3,95371945.77,90623586.5944,94201063.008566,25.6876503608661,38240.5556415397,0.050449077786688,64065,2494,15,311.91,5711.1021,93733.64,0
4,92278812,87649149.5265,91205963.042847,25.4377327265205,38179.0699213902,0.0500165494414564,61483,2417,23,196.92,22395.7578,144832.34,0
5,96048961.61,91298318.8701,94967565.163978,25.7156111335216,38745.043005244,0.0497337636143606,63749,2479,34,14.81,13359.2515,123773.56,0
6,46752042.32,44445533.2348,46195916.873036,25.4975450081833,38258.6271031097,0.0490752864157119,31158,1222,3,19.3,11297.0295,128458.89,0
7,69895343.9,66383740.3865,69107435.714266,25.2864894194248,37924.7660879002,0.049386869234943,46603,1843,13,56.45,27308.2404,81283.33,0
8,45049807.1,42788093.9854,44542388.934689,24.3828061638281,36536.7454176805,0.0506488240064882,30064,1233,12,108.21,30839.99,117891,0
9,94906240.74,90240417.4181,93864081.417233,25.2122905027933,37871.6044453312,0.0496368715083799,63182,2506,4,53.82,18738.288,34483.02,0
10,94121000.61,89430198.3454,93055497.115664,25.4282820097245,38136.5480591572,0.0499513776337115,62757,2468,1,1.99,20422.863,118362.47,0
11,96252870.55,91366798.8248,95032274.121861,25.3034943070279,37790.6833725952,0.0508990969768355,64448,2547,8,120.51,21215.304,165519.66,0
12,95252200.21,90395825.3693,94053808.670754,25.7229540918164,38024.8304231537,0.0510658682634731,64436,2505,10,456.58,34563.456,117370.44,0
13,93232180.8,88654870.5646,92179703.67402,25.9435146443515,39009.2806694561,0.0485062761506276,62005,2390,25,77.4,6474.28,134197.07,0
14,45437647.02,43130173.0454,44819762.621834,25.5491183879093,38150.8371284635,0.0509907640638119,30429,1191,21,11.33,16857.12,119459.26,0
15,49208910.11,46781631.4485,48647724.153011,26.2746196957566,39398.6470056045,0.049599679743795,32817,1249,18,303.86,27097.776,26277.08,0
16,49406735.75,46958031.3285,48859720.527917,25.4193296960249,38508.7574045207,0.0498519095869057,32613,1283,26,105.17,24546.98,61032.43,0
17,46533876.13,44246106.0327,46050473.339784,25.0727124183007,38017.8726552288,0.0490114379084967,30689,1224,4,156.03,24111.5992,173298.33,0
18,95009891.56,90261947.6569,93794479.066364,25.9524596940885,39276.5157337743,0.0506283588259611,62779,2419,13,5.91,13287.1536,183397.25,0
19,44756156.96,42530853.9189,44223213.959441,25.7030456852792,37864.769001692,0.0490862944162437,30381,1182,4,77.83,10768.94,125805.78,0
20,36605734.42,34742330.11,36132320.718649,25.7890870933893,38411.0539559286,0.0513746065057712,24577,953,32,42.85,28755.93,168399.73,0
21,94817334.11,90141103.0656,93781719.464293,25.8683026584867,38780.0957505112,0.0486503067484663,63248,2445,18,90.53,29911.5208,86881.74,0
22,94348859.51,89697895.0489,93365100.97706,25.7419488026424,38954.9378654005,0.0498554913294798,62347,2422,9,96.96,6833.1879,128628.08,0
23,94701685.05,89841811.0704,93376852.976452,25.4040930979133,38002.2813202247,0.0514365971107544,63307,2492,46,6.96,9302.748,102268.43,0
24,48525359.25,46054156.0666,47930566.091811,25.5043273013375,38178.8821793863,0.0503461841070024,32416,1271,31,338.82,7632.5368,85580.11,0
25,103361078.41,98123190.0414,102073844.971761,25.5060953084595,38182.8882194311,0.0500886590321389,69045,2707,18,148.42,35425.08,183820.21,0
26,94335935.23,89729190.0497,93274438.563457,25.1717815862894,37599.0176285373,0.0492865683539259,63156,2509,31,386.26,30525.111,144961.26,0
27,48663118.37,46227532.1285,48086323.497532,26.1991967871486,39086.842064257,0.0502650602409639,32618,1245,8,54.69,1557.3074,160060.04,0
28,49142336.18,46615923.3526,48483797.078751,25.5330708661417,38694.7528976378,0.0510314960629921,32427,1270,14,545.55,10559.0394,139325.04,0
29,100546667.87,95526696.726,99310613.246862,25.7426046868997,38627.2254590857,0.0505147906262005,67008,2603,11,87.31,37183.8792,155018.23,0
30,46572153.56,44186255.5414,45956631.487445,24.8916334661355,37109.2857051793,0.050796812749004,31239,1255,31,493.37,22804.5888,130439.69,0
31,46379259.32,43979887.4392,45715438.221681,25.837613918807,38425.2355592378,0.0509859154929577,31186,1207,18,64.54,1463.5,93275.38,0
32,45017537.78,42722299.8811,44416215.704246,24.7267489711934,37051.4714238683,0.0506255144032922,30043,1215,41,120.03,12936.04,21418.06,0
33,93925506.98,89213000.0291,92740056.059247,25.6443633414436,38088.2023438767,0.0503244120032441,63239,2466,50,24.53,12436.452,62856.88,0
34,97365840.64,92407130.6561,95993095.610586,25.3839875631558,37841.3683015935,0.0499183832102604,65313,2573,29,305.89,19680.5544,179665.37,0
35,45977832.79,43668352.2109,45361767.649615,25.5032786885246,37686.7481885246,0.0497704918032787,31114,1220,2,246.61,3695.076,61174.6,0
36,90644128.87,86065293.2756,89444081.376687,25.2056975282782,37974.0799622958,0.0507373271889401,60166,2387,23,242.71,6479.2728,81362.04,0
37,30768550.82,29205088.3654,30401069.22715,25.472049689441,38221.8022608696,0.0494906832298137,20505,805,8,237,1082.9458,97060.51,0
38,69895343.9,66383740.3865,69107435.714266,25.2864894194248,37924.7660879002,0.049386869234943,46603,1843,34,344.94,25910.7758,143173.75,0
39,45688761.63,43348875.904,45103871.475158,24.9138211382114,37145.3346585366,0.0512032520325203,30644,1230,37,752.01,28158.741,35283.61,0
40,46401727.84,44125320.0599,45832125.301105,25.219512195122,37724.9819837398,0.0499186991869919,31020,1230,40,51.18,36059.5472,114477.08,0
41,93374087.42,88787005.1531,92412672.852014,25.1806346623271,37987.8305207486,0.0490073230268511,61894,2458,40,480.77,24373.0944,158448.26,0
42,95899353.92,91034433.2035,94725555.83343,25.3312127236581,38130.955833002,0.0510775347912525,63708,2515,48,417.18,1392.336,156936.32,0
43,100353885.94,95355233.2862,99105799.161947,25.8688080495356,38836.6431656347,0.050077399380805,66845,2584,50,28.98,21413.42,4137.82,0
44,95522327.77,90728673.1504,94384692.582518,25.5201775625504,38548.1548708636,0.0500766747376917,63239,2478,41,247.89,26470.9368,147467.72,0
45,97345637.17,92449095.0482,96148315.236366,25.1878881987578,37789.4554231366,0.0502057453416149,64884,2576,20,634.58,23370.4548,59497.5,0
46,46889699.33,44503399.4805,46310821.298989,24.9655172413793,37602.0042742582,0.0505854049719326,31132,1247,38,25.35,29919.6924,127727.09,0
47,47552964.39,45160849.7573,46968296.039879,25.2213311948677,38133.8928548516,0.0505773857257418,31451,1247,48,311.07,10896.768,126445.78,0
48,48800675.63,46377215.0041,48233562.81177,25.2629107981221,38185.192198748,0.0506964006259781,32286,1278,5,436.74,26735.22,168870.88,0
49,46955550.33,44595416.9469,46284482.658769,25.1152,37564.440264,0.0506,31394,1250,43,346.68,11469.843,121670.93,0
50,95862556.09,91056503.4836,94710573.743046,25.7071314102564,38406.4727924679,0.0505729166666667,64165,2496,39,76.27,27989.3394,41157.87,0
51,97259983.47,92318226.3193,96012932.799403,25.9011558389797,38764.4413989637,0.051052212036668,64986,2509,23,553.18,32618.5101,145851.6,0
52,98017300.53,93122614.3696,96851886.812689,25.5248422712934,38650.3550985804,0.0500197160883281,64731,2536,6,244.61,23612.1474,143355.04,0
53,99104411.9,94076109.2676,97875431.635306,25.7853260869565,38472.2095885093,0.050722049689441,66423,2576,24,581.29,19852.6185,138010.98,0
54,96004462.2,91142871.423,94818140.699897,25.62123039807,38602.517973462,0.0504221954161641,63720,2487,27,92.73,23096.7936,133163.14,0
55,46027714.9,43665039.3489,45297369.502368,24.6782538399353,37209.1470493129,0.0509054163298302,30527,1237,23,285.38,7826.49,176598.37,0
56,97249548.06,92313772.3189,96121788.377655,25.4099960952753,37973.2714017962,0.0503826630222569,65075,2561,48,38.56,16327.4592,113160.85,0
57,94786740.76,90040743.2066,93668801.246914,25.3423566878981,37733.5751433121,0.0501313694267516,63660,2512,11,304.82,11554.945,87907.4,0
58,93864192.76,89053116.8102,92663329.249127,25.1461352657005,37787.5172141707,0.0503945249597424,62463,2484,38,327.2,1073.406,21916.8,0
59,48516991.5,46067235.1052,47928324.324107,25.7896825396825,38505.5488095238,0.050547619047619,32495,1260,50,93.86,6651.36,56654.48,0
60,48384457.27,45937097.0675,47807359.407492,25.5390127388535,38522.6570621019,0.051265923566879,32077,1256,39,18.84,19483.002,34203.31,0
61,47399508.56,44974594.8547,46775973.16673,25.8216039279869,38788.4685433715,0.0500409165302782,31554,1222,10,219.36,15073.786,138006.18,0
62,48606159.76,46168973.3292,48000599.502348,26.1072580645161,39198.5159354839,0.0501693548387097,32373,1240,11,250.74,37131.4545,172514.59,0
63,48517557.64,46015082.0505,47858430.79079,25.6777251184834,38323.5052448657,0.0511690363349131,32508,1266,17,246.21,19837.362,61963.08,0
64,35326644.93,33544521.7972,34851785.261453,26.1274944567628,39164.7948226164,0.0505986696230599,23567,902,43,12.51,2933.928,175574.7,0
65,47695448.04,45277674.0486,47084581.949982,25.7958030669895,38495.1154479419,0.0505326876513317,31961,1239,31,343.43,6740.7704,161001.71,0
66,50428233.41,47845615.1549,49761969.465879,25.9915384615385,38790.9487769231,0.0509846153846154,33789,1300,6,209,13888.2744,102109.5,0
67,48403379.21,46036318.2901,47807253.819152,25.5633466135458,38568.4296494024,0.0485418326693227,32082,1255,49,35.74,27018.628,104256.85,0
68,50175927.13,47646636.949,49536791.107303,25.9059367771781,38686.1427370856,0.0497378565921357,33600,1297,10,12.68,17862.9962,144572.33,0
69,47008182.11,44672824.34,46441463.908253,25.8153338829349,38753.6538417148,0.0496537510305029,31314,1213,30,133.25,37353.9166,313156.62,0
70,33999107.63,32281408.437,33540804.275546,26.1061130334487,39214.6570126874,0.049677047289504,22634,867,10,444.45,28952.7128,76207.23,0
71,96090521.6,91258674.2185,94937973.396908,25.6868767451137,38328.887754288,0.0502632628639809,64397,2507,27,68.51,8239.92,160389.67,0
72,95166559.98,90379661.4138,93999930.810622,26.1971772519718,39504.5911083437,0.050381901203819,63109,2409,15,14.04,18440.754,74772.14,0
73,47087920.61,44695807.229,46495543.643062,25.896006655574,39174.6427703827,0.0502329450915141,31127,1202,33,2.2,6162.366,169627.73,0
74,49093777.13,46682258.1032,48501070.71193,25.6544461778471,38294.6779485179,0.0500702028081123,32889,1282,15,159.93,25273.71,156197.25,0
75,85987013.64,81794700.063,85050438.904032,25.482436638506,38233.4431480658,0.0489239662072032,57310,2249,11,410.87,30264.606,178359.02,0
76,94212793.47,89543896.1819,93116291.740726,25.0112224448898,37760.6386653307,0.0499799599198397,62403,2495,21,182.24,32826.8052,97423.91,0
77,96625905.65,91839236.2546,95500704.663586,25.3937131630648,37966.9570333988,0.0493202357563851,64627,2545,32,112.03,36526.689,166936.52,0
78,98810402.84,93820618.4318,97600846.32674,25.6171047469596,38764.3793016869,0.0499293840721852,65298,2549,33,131.61,12449.346,138048.69,0
79,98080416.22,93283631.4495,97013527.216433,25.6745190420102,38508.2121005104,0.0499685904986258,65393,2547,16,536.5,14534.91,165294.76,0
80,98564699.85,93692852.0313,97385429.804942,25.6585747846515,38592.286550509,0.0499647611589663,65532,2554,19,71.9,29415.0252,29557.15,0
81,95897513.02,91175236.6364,94801992.216317,25.5209748302038,38313.029572513,0.0489692369157012,63879,2503,50,237.9,3443.7088,87211.34,0
82,97280335.31,92450969.7001,96180994.418445,26.1859154929577,39147.016221328,0.0497022132796781,65072,2485,45,117.23,5015.25,170634,0
83,93718743.72,89125560.0767,92712502.972283,25.3353510895884,37820.3162711864,0.0490193704600484,62781,2478,37,176.03,23838.786,137061.85,0
84,94510182.28,89873607.5847,93419083.23057,25.316041500399,37713.5603671189,0.0493934557063049,63442,2506,47,207.54,7100.008,178041.48,0
85,51364162.88,48830219.9234,50719703.430078,25.849510910459,38648.7305342363,0.0494808126410835,34354,1329,22,300.68,28600.936,128340.72,0
86,48841843.41,46420998.6995,48294914.072209,25.6829652996845,38518.8039511041,0.0492271293375394,32566,1268,11,568.81,17719.438,107407.69,0
87,46835123.7,44535868.074,46316175.751425,26.0008319467554,38964.3292013311,0.0495590682196339,31253,1202,27,230.89,25996.5504,38908.77,0
88,93523535.84,88895595.3865,92464891.07587,25.2233009708738,37833.145566343,0.0495145631067961,62352,2472,17,337.6,5172.714,124434.92,0
89,94546120.82,89837583.5331,93541455.343602,25.4,38046.7287002012,0.049569416498994,63119,2485,9,746.01,27227.988,53340.48,0
90,96190476.06,91461624.4009,95099708.041617,25.1618972951784,37706.9682712662,0.0499451195609565,64188,2551,35,344.95,13039.296,218752.86,0
91,94608452.6,89970344.4504,93593377.907294,25.2317219336796,37798.0234119057,0.0496723931282461,63155,2503,49,227.73,15049.7666,194393.54,0
92,95145825.31,90370842.3005,93982733.599227,25.2962075848303,37982.3653932136,0.0495888223552894,63367,2505,7,298.25,23628.9672,96602.32,0
93,94168572.51,89501761.0036,93074077.096055,24.9430379746835,37250.2264675633,0.0494778481012658,63056,2528,6,33.26,11819.2212,161785.19,0
94,92763171.96,88154325.2177,91643589.806836,25.0372771474878,37586.374376013,0.0496717990275527,61792,2468,37,611.57,19023.45,127251.38,0
95,94432363.46,89783554.7824,93285191.724258,25.1756,37772.945384,0.04972,62939,2500,47,484.63,3226.405,41439.2,0
96,93212385.5,88581806.4413,92107396.883779,25.2851389448248,37540.2277486911,0.0494401933145389,62783,2483,19,324.62,26698.518,27338.31,0
97,89842447.39,85368814.9014,88751378.196792,24.8450996677741,37309.9864576412,0.0497799003322259,59827,2408,15,232.9,5729.904,61930.45,0
98,97289754.44,92427648.6512,96156462.988153,25.2130570758405,38033.5240187647,0.0496677091477717,64495,2558,33,312.07,9282.432,163166.69,0
99,44396506.44,42147072.2849,43786625.903021,25.0569037656904,37151.8882343096,0.0502008368200837,29943,1195,2,264.83,20537.748,162894.76,0
100,96199776.02,91372309.2812,95084443.58946,25.0728399845021,37272.2882681131,0.0501356063541263,64713,2581,39,287,24058.9476,109395.92,0
101,93980557.33,89143802.3593,92837337.039939,25.2516,37592.222932,0.050592,63129,2500,30,5.44,7337.979,165064.44,0
102,92350517.72,87700717.8512,91132266.093576,25.1348039215686,37724.8846895425,0.0501511437908497,61530,2448,38,138.29,25894.4544,122067.84,0
103,102641910.52,97546367.0587,101519932.971068,25.8973873532753,38864.7900492238,0.0495304808784551,68395,2641,38,827.9,36945.72,84056.72,0
104,49336109.59,46862049.1925,48755219.726347,25.5420267085624,38755.7812961508,0.0506834249803614,32515,1273,26,412.26,29958.1282,170945.87,1
105,47629040.4,45320980.4276,47127595.525236,25.9520714865963,38691.340698619,0.0491551584077985,31947,1231,37,419.43,25486.99,180471.83,0
106,93510086.52,89019341.1791,92591945.148843,25.2301204819277,37554.2516144578,0.048718875502008,62823,2490,5,547.72,2099.9958,173091.5,0
107,99884220.84,94895414.2983,98673789.421263,25.9791666666667,39262.6654245283,0.0501336477987421,66091,2544,39,399.52,3941.0712,102529.68,0
108,50087802.62,47620361.3815,49528545.905808,25.0609480812641,37688.3390669676,0.049706546275395,33306,1329,36,358.5,33234.0708,109229.6,0
109,93225157.31,88524478.7733,92052521.283409,25.2106764466178,37989.0616585167,0.0498329258353708,61867,2454,45,349.3,21558.1576,34155.86,0
110,92186803.77,87528752.4185,91025633.982303,25.0353763883176,37921.3507897984,0.0502056766762649,60861,2431,46,328.2,21206.823,112509.19,0
111,44284981.38,42071319.9359,43756682.515382,25.3336184773311,37882.7898887938,0.049940119760479,29615,1169,32,480.79,8629.7076,127043.35,0
112,47602387.76,45185928.0671,46920909.398453,25.7006472491909,38513.2587055016,0.0508414239482201,31766,1236,32,29.75,30469.6,162078.23,0
113,94146889.7,89429233.7173,92974557.061989,25.8908494050062,38632.2895773492,0.050274928190398,63096,2437,14,190.99,10486.476,4924.09,0
114,47789104.12,45434936.9367,47240385.56099,25.2861685214626,37988.1590779014,0.050127186009539,31810,1258,30,599.83,18141.5416,72016.37,0
115,48310390.17,45825754.0258,47660418.022304,25.3456985003946,38129.7475690608,0.0506471981057616,32113,1267,9,235.22,14484.492,173663.17,0
116,48618508.99,46176306.0548,48016492.264873,25.5388272583201,38524.967503962,0.0500237717908082,32230,1262,28,173.81,28560.6592,129852.63,0
117,96323676.91,91482460.3435,95163009.451179,25.3699763593381,37952.5913750985,0.0494917257683215,64389,2538,18,434.17,11350.53,174819.63,0
118,47018104.84,44747960.4063,46553024.829612,24.8666666666667,37315.9562222222,0.0494285714285714,31332,1260,29,533.44,32201.281,86726.26,0
119,50251837.46,47766395.9186,49693489.64542,25.2307110438729,38011.979924357,0.049803328290469,33355,1322,38,379.43,25243.4,164300.38,0
120,44208568.71,41997865.993,43671297.611722,24.937925170068,37592.3203316327,0.0504676870748299,29327,1176,29,58.06,7753.7532,72276.46,0
121,92112777.8,87554824.9911,91051374.845317,24.9326845093268,37353.1134630981,0.0497120843471208,61484,2466,15,234.77,25989.4908,136266.63,0
122,94526122.46,89875492.0739,93449244.542695,25.4905584572117,37977.5502049016,0.0498392928887103,63446,2489,50,568.41,24487.0444,122221.42,0
123,94368348.05,89666928.3539,93224537.732537,25.3620202020202,38128.6254747475,0.0494505050505051,62771,2475,39,481.68,19114.596,120831.11,0
124,96830909.19,91954171.7411,95636989.070642,25.7614091273018,38763.3743755004,0.0506845476381105,64352,2498,10,215.73,12256.14,166505.17,0
125,94220885.56,89531572.6743,93102022.276738,25.2928887103254,37854.9158537565,0.049867416633186,62954,2489,49,356.08,23965.8965,149078.59,0
126,94672702.87,89926817.1795,93483912.33617,24.9800637958533,37748.2866307815,0.0497169059011164,62650,2508,33,242.9,28909.602,162976.99,0
127,48649572.37,46191014.5229,48080030.938029,25.690794649882,38276.610833989,0.0505743509047994,32653,1271,25,325.11,25202.3776,159059.09,0
128,23976998.27,22743779.7364,23649305.272388,26.3813420621931,39242.2230278232,0.0501963993453355,16119,611,46,244.25,5937.6125,133392.03,0
129,47279341.32,44897608.3892,46752158.395137,24.6784591194969,37169.293490566,0.0495990566037736,31391,1272,48,414.95,30772.7328,165091.82,0
130,100146323.03,95136024.4723,98840284.561574,25.6384527001149,38355.5430984297,0.0501263883569514,66942,2611,19,346.94,27241.6053,128838.61,0
131,50344036.72,47884073.1323,49822037.595968,25.5253980288097,38168.3371645186,0.0493328278999242,33668,1319,2,212.95,14040.5172,150006.21,0
132,49093777.13,46682258.1032,48501070.71193,25.6544461778471,38294.6779485179,0.0500702028081123,32889,1282,21,231.98,31611.294,9433.47,0
133,47649501.08,45299805.9251,47240451.044418,25.2599049128368,37757.1323930269,0.0493502377179081,31878,1262,31,256.31,30140.08,80141.16,0
134,44965188.92,42743557.4196,44426810.756821,25.2245409015025,37533.5466777963,0.0493322203672788,30219,1198,24,384.18,19617.858,152657.82,0
135,47001195.06,44586558.7246,46439661.666293,24.9042298483639,37510.9298164405,0.0511811652035116,31205,1253,43,275.33,5450.715,171186.11,0
136,44582695.61,42324483.2335,44035844.108129,24.8202995008319,37090.4289600666,0.0510732113144759,29834,1202,31,153.3,11030.8,83836.43,0
137,92490879.67,87799689.422,91314440.532704,24.7965210355987,37415.4043972492,0.0499150485436893,61297,2472,12,262.93,5433.1716,54261.13,0
138,93847841.68,89113331.8744,92648691.874744,25.3136142625608,38025.8677795786,0.0506118314424635,62474,2468,2,80.33,14013.9054,71758.55,0
139,95464003.07,90613297.6337,94266404.539398,25.3239715189873,37762.6594422468,0.0508425632911392,64019,2528,31,339.74,15590.2648,9065.56,0
140,95133346.56,90346158.0037,93979223.788595,25.1805500199283,37916.8380071742,0.0503945795137505,63178,2509,36,186.86,26702.595,57967.3,0
141,94295887.52,89482090.2259,92947139.625358,25.298231511254,37900.2763344051,0.0510289389067524,62942,2488,6,90.19,20350.0374,156460.88,0
142,46993741.25,44660504.4919,46367122.866334,25.4259259259259,37837.1507648953,0.0492270531400966,31579,1242,5,353.39,11526.198,134162.81,0
143,93055213.25,88466506.2628,91995861.145699,25.3490372798034,38121.7588078656,0.0495288816058992,61877,2441,45,166.2,31439.4912,35365.65,0
144,97680564.66,92829019.3663,96463855.838668,25.0863003095975,37802.0761068111,0.0498839009287926,64823,2584,3,6.72,33921.5877,175356.25,0
145,49741238.89,47208406.7633,49135850.907977,25.2825757575758,37682.7567348485,0.0508257575757576,33373,1320,20,244.26,29230.976,165483.43,0
146,48792057.8,46298115.0994,48101815.371842,25.3025601241272,37852.6437548487,0.0512955779674166,32615,1289,24,314.26,1320.41,185415.6,0
147,47873785.98,45373106.0431,47246887.415762,24.9496514329977,37082.7157087529,0.0523237800154919,32210,1291,40,260.93,4641.738,25959.56,0
148,48029271.02,45628401.7078,47436230.6752,25.939788445891,39079.9601464605,0.0495687550854353,31880,1229,5,371.88,23871.7368,64490.65,0
149,94512375.35,89689510.8897,93280837.087543,25.9073311367381,38926.0195016474,0.0505889621087315,62903,2428,34,222.63,16334.1,268010.39,0
150,96830909.19,91954171.7411,95636989.070642,25.7614091273018,38763.3743755004,0.0506845476381105,64352,2498,28,440.86,11603.69,72315.97,0
151,95811752.27,90943602.4695,94543341.93111,25.708182184603,38618.1992220879,0.0510157194679565,63782,2481,3,804.21,27758.8675,175099.08,0
152,94197459.52,89542324.239,93272344.212967,25.7551271534044,38637.186021329,0.0504019688269073,62791,2438,25,13.43,21286.72,171797.22,0
153,93982248.62,89169026.5316,92637716.366059,26.1106048053024,38932.165956918,0.0510480530240265,63031,2414,15,246.66,21990.2592,73694.07,0
154,97592145.14,92705214.8614,96372447.670984,25.8176,39036.858056,0.050064,64544,2500,25,106.23,24404.5056,65047.05,0
155,91708497.29,87052991.3603,90577792.612597,25.534223706177,38275.666648581,0.0505926544240401,61180,2396,15,320.95,16650.8298,173465.24,0
156,101108799.8,95955815.0959,99836501.408126,26.1385985288424,39143.9410762679,0.0504529616724739,67516,2583,22,11.28,30248.68,162670.83,0
157,95458529.2,90642216.4164,94298494.459522,25.4269215452011,38016.1406610912,0.0499004380724811,63847,2511,9,400.1,11098.8192,130753.42,0
158,92454023.43,87817193.7322,91458193.10533,25.1660591332523,37445.9390157959,0.0499797488861887,62135,2469,9,591.58,12638.808,84646.71,0
159,94672702.87,89926817.1795,93483912.33617,24.9800637958533,37748.2866307815,0.0497169059011164,62650,2508,9,169.54,20640.384,154131.61,0
160,91912895.98,87446749.7951,90914437.442241,25.2046014790468,37762.0772308956,0.0492604765817584,61348,2434,29,23.17,34170.2361,98738.11,0
161,95380048.36,90674125.484,94279638.101345,25.4004008016032,38228.4762965932,0.0491943887775551,63374,2495,15,291.22,29292.3216,155509.75,0
162,96061767.65,91355967.2268,94977021.661218,25.3221957040573,38210.7269888624,0.0490771678599841,63660,2514,28,476.43,9120.573,101385.04,0
163,95967744.9,91176989.6089,94751351.228577,25.0160218835483,37502.0495896835,0.0497420867526377,64016,2559,11,685.09,3341.2708,94384.32,0
164,47534474.91,45216697.5545,47033283.117654,25.4194065757819,38119.0656856455,0.0484121892542101,31698,1247,8,433.48,5589.243,135078.26,0
165,96561080.38,91742721.2269,95341483.302979,25.484467164766,37971.3253558789,0.0503381832481321,64807,2543,40,108.22,6719.287,186912.56,0
166,94353978.31,89606818.969,93142406.416387,25.2008733624454,37456.9187415641,0.0497975387058356,63481,2519,49,273.73,17935.525,152201.3,0
167,93718799.66,89031912.8136,92670883.675469,25.6320098239869,38362.1775112567,0.0499181334424887,62619,2443,15,410.68,29399.29,85639.68,0
168,94449213.54,89724144.9183,93329123.784707,25.1239436619718,38007.731806841,0.0496378269617706,62433,2485,35,172.76,8387.4672,146825.62,0
169,92757937.82,88213741.7745,91802329.840563,25.2175681171208,37721.8128588857,0.0493371289141928,62010,2459,34,760.93,6915.1488,16207.68,0
170,91126065.24,86635911.6997,90108408.704541,24.5589184826473,36774.0376271186,0.0494309927360775,60857,2478,13,112.95,28544.2186,107801.27,0
171,98663100.2,93750832.7684,97415657.93457,25.2278481012658,37845.4546221711,0.0494706559263521,65769,2607,19,477.46,8311.248,127230.6,0
172,98372602.2,93316097.747,97212319.854569,25.4238076773943,38143.6999612253,0.0506514152772392,65568,2579,11,312.87,19933.632,123355.16,0
173,91574668.62,86968442.4203,90505096.82346,24.9882113821138,37225.4750487805,0.0500975609756098,61471,2460,30,313.63,11853.8448,149839.62,0
174,48582240.12,46225471.7568,48045178.462653,25.3278301886792,38193.585,0.0488679245283019,32217,1272,44,230.67,22638,27671.51,0
175,47188810.11,44927938.6804,46740186.631397,25.4321486268174,38116.9710096931,0.0474636510500808,31485,1238,39,45.5,14243.3592,89450.29,0
176,46807030.5,44418416.4337,46178396.880656,25.1343402225755,37207.4964228935,0.0504610492845787,31619,1258,7,381.94,21534.1308,146336.14,0
177,48055566.09,45578683.592,47430245.87478,25.2708006279435,37720.2245604396,0.0515777080062794,32195,1274,22,428.52,18654.48,86708.33,0
178,47699642.37,45327060.902,47134295.71928,25.4186046511628,38251.5175380914,0.0493504410585405,31697,1247,4,379.37,4918.1184,91894.89,0
179,94148174.78,89479425.2525,93018145.428962,25.6478988168095,38412.1480130559,0.0498368013055896,62863,2451,31,9.3,11983.1957,9852.45,0
180,95826205.13,91098612.3653,94797492.354837,25.5013972055888,38253.9741037924,0.0499241516966068,63881,2505,26,494.98,27388.7883,62142.1,0
181,95297428.22,90571262.1332,94173091.285919,25.455164131305,38149.4908807046,0.0494675740592474,63587,2498,27,54.84,8011.9116,166382.86,0
182,49040706.34,46684600.7796,48530475.03503,25.2670759785111,37636.7661857252,0.0486569455103607,32923,1303,2,13.21,15453.555,174199.06,0
183,97102888.81,92221055.0945,95865325.07843,25.4444881889764,38229.4837834646,0.0504291338582677,64629,2540,17,336.35,25917.4097,71550.75,0
184,96569978.88,91686712.6319,95375229.861267,25.2848746081505,37840.900815047,0.0503565830721003,64527,2552,32,100.6,7253.28,181427.22,0
185,91308470.92,86670868.9844,90179245.589776,25.2793690327937,37903.0597426318,0.0511540058115401,60898,2409,9,390.49,18509.184,100603.78,0
186,95017836.21,90202319.7953,93849612.928446,25.3617363344051,38190.4486374598,0.0504220257234727,63100,2488,46,204.03,6381.756,29686.31,0
187,92002501.06,87239088.0718,90805048.378946,25.2233169129721,37767.8575779967,0.0506814449917898,61444,2436,45,431.16,21540.6464,164525.55,0
188,11248511.28,10674729.3002,11077126.812782,25.1605351170569,37620.4390635451,0.0499665551839465,7523,299,40,674.27,28919.9589,101851,0
189,46013314.36,43698261.8751,45448792.65402,24.859463850528,37378.8093907392,0.0498862713241267,30602,1231,1,114.16,15134.2373,77454.3,0
190,44550583.21,42355081.5865,44122118.304676,24.730198019802,36757.9069389439,0.0493894389438944,29973,1212,13,259.11,37237.64,7261.58,0
191,45256302.63,43070347.6157,44799291.394796,25.2551610239471,37371.0178612717,0.0488852188274154,30584,1211,8,16.24,24000.99,228535.42,0
192,48617698.16,46263197.6949,48127245.308773,25.4944968553459,38221.4608176101,0.0483569182389937,32429,1272,36,103.74,21807.516,247018.98,0
193,47078004.83,44706817.8979,46492176.058537,25.5285947712418,38462.422246732,0.0504084967320261,31247,1224,23,548.84,27722.5808,241003.63,0
194,93448084.22,88753191.7769,92332575.39792,25.2407258064516,37680.6791209677,0.0497096774193548,62597,2480,20,379.45,9219.987,299545.96,0
195,93448084.22,88753191.7769,92332575.39792,25.2407258064516,37680.6791209677,0.0497096774193548,62597,2480,26,64.55,7886.754,242705.67,0
196,46626182.33,44300472.3629,46066719.399301,25.5805119735756,38502.2149710983,0.0503468208092486,30978,1211,31,24.43,27430.788,278024.06,0
197,48382819.38,45914027.6119,47760837.853932,25.5885623510723,38429.5626528991,0.0513820492454329,32216,1259,17,361.89,31099.789,271942.38,0
198,45612732.27,43337464.1083,45052563.74788,25.8074957410562,38852.4124957411,0.0504258943781942,30298,1174,13,290.21,9830.2743,316847.26,0
199,22694006.41,21529200.9977,22350016.668177,25.9293103448276,39127.5972586207,0.0511034482758621,15039,580,1,419.49,36320.856,260882.57,0
200,44820047.89,42561361.4207,44271196.070333,24.4488636363636,36379.9090016234,0.0496185064935065,30121,1232,16,272.18,36873.243,287733.63,0
201,84170673.94,79913196.3751,83005219.378056,25.5507972665148,38346.5484920273,0.050250569476082,56084,2195,42,49.05,1604.0206,385567.34,0
202,96360786.07,91594497.791,95312947.067586,25.7624798711755,38792.5869847021,0.0500845410628019,63994,2484,5,246.1,28516.5216,301443.68,0
203,95099180.56,90266775.9627,93912040.633108,25.8441822620016,38689.6584865745,0.0508258746948739,63525,2458,8,212.83,22816.458,227061.5,0
204,99269896.54,94334039.2008,98084202.199025,25.6943678613627,39098.029358015,0.0499527372981489,65238,2539,19,233.16,34806.6816,202879.6,0
205,95048762.22,90374865.5284,93959137.751473,25.5670559806685,38279.8075795409,0.04954893274265,63483,2483,32,67.23,27161.64,244524.97,0
206,94492204.94,89645324.1179,93322509.045837,25.3796445880452,38163.2491680129,0.0505936995153473,62840,2476,13,481.31,13526.6976,213346.94,0
207,95410701.86,90580090.2612,94260177.839713,25.2815611310235,37997.0935324572,0.0507168458781362,63482,2511,11,124.49,32691.0098,191152.02,0
208,95330337.17,90490636.6525,94052370.804047,25.0606299212598,37531.6288070866,0.0514763779527559,63654,2540,1,259.23,6936.3728,239671.98,0
209,95499269.54,90616629.5354,94209499.910586,25.8767178658044,38601.1598787389,0.050501212611156,64019,2474,11,223.8,21315.24,234877.18,2
210,99675840.34,94586417.1437,98367031.8548,26.0470169893323,39381.9993441328,0.0507743974713552,65925,2531,42,229.16,4881.04,230136.78,0
211,96842806.16,91964655.7652,95675344.952352,25.9854662898668,39096.8131449334,0.05039563988696,64366,2477,35,176.15,25571.2743,236565.92,0
212,95445888.23,90783048.0082,94372994.706142,25.2010309278351,37845.3165067407,0.0490919904837431,63557,2522,21,703.44,25731.7,191907.59,1
213,95822153.34,91020312.4097,94616913.246238,25.3872120730739,38054.8662986497,0.0497974583002383,63925,2518,20,238.21,23387.247,302664.97,0
214,92705097.05,88117452.3159,91660822.910429,25.1756037658616,37947.2357961523,0.0503356528857962,61504,2443,18,98.17,5371.773,269731.44,0
215,96158181.67,91329693.4765,94947317.981448,25.2630331753554,37977.1649565561,0.0504699842022117,63966,2532,1,614,10406.856,250295.71,0
216,96062639.11,91185338.2039,94892784.500864,25.1786698150335,37805.0527784337,0.0504407713498623,63979,2541,32,10.3,12399.2448,309040.94,0
217,95436601.47,90544096.558,94184905.618389,25.3980815347722,38144.1252877698,0.0508513189448441,63546,2502,5,249.24,19802.9988,257560.67,0
218,99323360.25,94355002.874,98037889.897086,25.8426877470356,39258.2451581028,0.0503557312252964,65382,2530,18,565.78,17187.807,270131.53,0
219,96113413.05,91273196.1834,94877143.427689,25.733708769107,38661.8717015286,0.0502976669348351,63974,2486,43,146.04,25109.811,190881.66,0
220,92365619.1,87789844.6723,91264556.057206,24.6428284451587,37109.5295701085,0.0499156287665729,61336,2489,35,190.1,32577.935,206347.73,0
221,93433276.64,88880741.48,92427974.344807,25.2000805152979,37614.0405152979,0.0484863123993559,62597,2484,31,7.12,29736.4431,204470.65,0
222,96555135.53,91757214.5399,95392277.039373,25.1895271590465,37731.5887182493,0.0494685423993748,64460,2559,13,261.08,4636.608,233918.78,0
223,46890871.7,44517854.2828,46262443.614943,25.3376623376623,38060.7724837662,0.0498295454545455,31216,1232,16,360.17,17639.258,211711.53,0
224,45553248.47,43286057.3376,45020469.926989,25.4206549118388,38247.8996389589,0.0499916036943745,30276,1191,43,83.69,14264.432,291120.79,0
225,46401727.84,44125320.0599,45832125.301105,25.219512195122,37724.9819837398,0.0499186991869919,31020,1230,43,252.03,12378.1644,228093.17,0
226,55915784.04,53128533.0893,55258986.614787,24.7673656618611,36642.0603145478,0.0498099606815203,37795,1526,8,212.36,2096.2758,248455.2,0
227,48439619.25,46070664.6526,47917769.192698,26.1111111111111,39285.9847931873,0.0488645579886456,32195,1233,23,312.1,19738.6362,226514.56,0
228,97280335.31,92450969.7001,96180994.418445,26.1859154929577,39147.016221328,0.0497022132796781,65072,2485,40,84.98,13427.073,276866.88,0
229,46369996.6,44004988.6697,45803395.031115,24.792828685259,36948.2044621514,0.0515856573705179,31115,1255,28,202.13,9998.6075,248547.45,0
230,47583631.76,45192988.2381,47004503.716236,25.4417670682731,38219.7845461847,0.050570281124498,31675,1245,26,284.69,19998.393,222558.96,0
231,45512113.11,43158304.7512,44890114.139979,24.8392857142857,36941.6502516234,0.0509415584415584,30602,1232,30,387.5,14158.9714,325598.85,0
232,93617297.59,89010368.3918,92602696.323934,25.4261827079935,38179.9745473083,0.0494657422512235,62345,2452,8,207.53,30138.16,189104.19,0
233,92757937.82,88213741.7745,91802329.840563,25.2175681171208,37721.8128588857,0.0493371289141928,62010,2459,17,350.68,26358.2748,204461.23,0
234,96689716.6,92086552.0463,95741197.442931,25.3516699410609,37992.0300982318,0.0485343811394892,64520,2545,27,87.15,1175.0466,204259.28,0
235,95699550.79,90935067.2938,94544132.788672,25.8395613322502,38870.6542607636,0.0496506904955321,63617,2462,48,558.84,9235.512,218970.11,0
236,16452102.71,15628302.149,16253406.019093,25.2235023041475,37908.0707603687,0.0491705069124424,10947,434,37,183.35,1497.808,250632.53,0
237,49189875.83,46806563.4085,48628092.61367,25.3498452012384,38072.6593111455,0.0489318885448916,32752,1292,36,27.9,5193.63,286162.15,0
238,97886484.87,93020422.5761,96753417.00786,25.7357369255151,38782.2840213946,0.0499247226624406,64957,2524,5,214.9,37319.175,237008.05,0
239,94723167.95,89954470.8512,93519736.49945,25.7855980471928,38536.6834621644,0.0496786004882018,63381,2458,11,327.01,16429.452,206215.93,0
240,96851001.44,92061033.6785,95782520.028254,25.5587653343886,38326.4746497824,0.0493787099327266,64587,2527,24,233.68,14361.9216,257463.09,0
241,95058158.16,90418467.5828,94150108.28775,25.7625664078463,38846.8157580711,0.0490805067429506,63041,2447,49,491.55,3020.6673,292758.22,0
242,47299443.77,45018642.7537,46821419.42885,24.9115113547377,37039.5017776038,0.0499060297572435,31812,1277,38,344.17,29110.536,369933.7,0
243,47649501.08,45299805.9251,47240451.044418,25.2599049128368,37757.1323930269,0.0493502377179081,31878,1262,11,223.26,10014.75,306483.84,0
244,45256302.63,43070347.6157,44799291.394796,25.2551610239471,37371.0178612717,0.0488852188274154,30584,1211,14,309.42,34799.914,221404.52,0
245,98181141.07,93300616.6762,97027081.112586,25.9346456692913,38653.9925472441,0.049744094488189,65874,2540,23,215.67,8450.8776,218747.49,0
246,96747529.52,91987664.7891,95671644.714227,25.6869009584665,38637.1923003195,0.0491413738019169,64320,2504,17,512.36,12365.298,348774.97,0
247,98565058.87,93758267.0046,97594573.690226,25.6949416342412,38352.1629844358,0.049431906614786,66036,2570,12,335.15,23208.0672,237943.83,0
248,48653719.1,46277577.8194,48194453.427222,26.0104333868379,39047.9286516854,0.0488121990369181,32409,1246,48,232.41,10378.164,209005.01,0
249,47848849.73,45535823.6579,47358991.642847,26.011466011466,39188.2471171171,0.0481326781326781,31760,1221,5,311.93,4219.182,206393.69,0
250,51622686.13,49036152.6014,50930941.054925,26.3821949347659,39618.3316423638,0.0499155794320798,34376,1303,50,499.93,23202.1422,229785.05,0
251,96526092.95,91745295.7016,95317980.595858,25.2554945054945,37883.0820054945,0.0498430141287284,64351,2548,1,72.49,14339.2145,267523.03,0
252,95573620.72,90895826.8968,94515612.720823,25.1292356185973,37657.0609613869,0.0493971631205674,63778,2538,33,478.83,16847.7855,325128.98,0
253,88470663.04,84087823.6664,87439899.647284,24.9763313609467,37392.5033981403,0.0497675401521555,59094,2366,43,58.81,5873.432,280936.16,0
254,91548695.94,86972918.6484,90483445.511217,25.4950166112957,38018.5614368771,0.0500332225913621,61392,2408,4,300.45,12871.5328,301745.62,0
255,44250387.8,41933482.8712,43558667.818669,24.7719734660033,36691.8638474295,0.0516417910447761,29875,1206,45,208.88,21729.434,214271.96,0
256,48586568.53,46070291.8331,47908546.763551,25.5027407987471,38047.4303288958,0.0517776037588097,32567,1277,16,354.1,24889.3281,205471.17,0
257,34897762.65,33097911.6629,34400301.216118,24.2336448598131,36238.5904984424,0.050913811007269,23337,963,42,243.18,28552.42,236581.92,0
258,48188708.48,45680146.7466,47472608.691008,24.9757623143081,37676.8635496482,0.051164972634871,31944,1279,8,319.56,25436.43,232864.38,0
259,38214736.72,36276529.6824,37702857.146866,24.9081237911025,36958.159303675,0.0501450676982592,25755,1034,38,2.46,10076.36,245798.48,0
260,46783911.23,44423499.0836,46206743.590814,25.4178861788618,38035.7001869919,0.0509593495934959,31264,1230,16,318.04,7445.1008,251389.25,0
261,46310158.96,44027668.0536,45798722.051444,25.1353996737357,37773.3759869494,0.0496003262642741,30816,1226,46,333.48,16184.4228,222150.78,0
262,47885303.41,45534174.36,47359382.422232,25.4265289912629,38034.3950833995,0.0493645750595711,32012,1259,15,430.37,18766.9908,297088.33,0
263,45765468.77,43519921.045,45276539.858706,25.2281432139883,38106.1355287261,0.0497335553705246,30299,1201,29,293.72,12851.7048,233349.09,0
264,95466488.41,90826337.3856,94472428.018401,25.6078037007241,38401.6445736122,0.0488254223652454,63661,2486,6,393.23,7461.965,293199.22,0
265,98953095.97,93893434.3795,97598734.746096,25.7979639780736,38744.3602075176,0.0507282693813626,65888,2554,16,332.53,13944.138,208414.4,0
266,98735999.59,93699531.639,97370516.842745,25.799531066823,38583.8216451739,0.0508245408362642,66021,2559,25,564.71,8225.013,254051.17,0
267,94330353.12,89484403.0235,93051803.219997,25.1942880128721,37944.6311826227,0.0507964601769912,62633,2486,43,220.67,15826.848,258649.47,0
268,93361780.87,88575583.9294,92044690.930907,25.1505681818182,37890.3331452922,0.051387987012987,61971,2464,14,325.83,12688.074,256769.77,0
269,49078728.82,46762412.4355,48651479.848475,25.23944742901,37665.9469071374,0.0477590176515733,32887,1303,40,520.73,35982.3744,208991,0
270,96561080.38,91742721.2269,95341483.302979,25.484467164766,37971.3253558789,0.0503381832481321,64807,2543,37,566.05,14198.67,218926.49,0
271,97680564.66,92829019.3663,96463855.838668,25.0863003095975,37802.0761068111,0.0498839009287926,64823,2584,49,480.37,12842.5824,325088.04,0
272,95189844.6,90435307.3285,94102709.952572,25.5032,38075.93784,0.049852,63758,2500,14,780.43,8835.2292,204616.55,0
273,94704978.82,90001607.0484,93618877.847282,25.1155838979673,37746.1055480271,0.049824631327222,63015,2509,31,110.34,16310.592,225254.84,0
274,96569978.88,91686712.6319,95375229.861267,25.2848746081505,37840.900815047,0.0503565830721003,64527,2552,20,395.48,2934.7584,213524.04,0
275,43639288.62,41443870.1108,43105824.988437,24.9054514480409,37171.4553833049,0.0488586030664395,29239,1174,46,592.73,7923.216,288286.32,1
276,45628782.74,43352554.1566,45107928.427882,24.5417004048583,36946.3827854251,0.0493603238866397,30309,1235,43,120.45,30955.2768,289640.53,0
277,46941827.83,44631792.336,46439299.613224,25.3417004048583,38009.5771902834,0.0491578947368421,31297,1235,31,362.69,24572.4138,313919.53,0
278,48270852.43,45901840.682,47737707.899763,25.190737833595,37889.2091287284,0.0486263736263736,32093,1274,12,71.51,12156.3648,211665.87,0
279,98166663.37,93244208.3386,96940420.554466,25.6863672182821,38678.7483727344,0.0506264775413712,65192,2538,28,208.03,15433.3404,210067.49,0
280,96338340.38,91380944.6131,95055386.731008,25.5171588188348,38443.0727773344,0.0507541899441341,63946,2506,38,536.76,30412.5066,250312.31,0
281,94252798.54,89580609.3955,93278901.145098,25.5926076360682,38283.0213403737,0.0503818034118603,63009,2462,45,122.82,12633.3368,225018.23,0
282,89139974.49,84605063.5229,87998625.529886,25.8302375809935,38505.3885485961,0.0504190064794816,59797,2315,13,336.05,33782.3616,280493.55,0
283,93430014.29,88657637.7265,92211179.103202,25.9213483146067,38880.5719059509,0.0508863920099875,62289,2403,34,22.69,36084.6072,218454.1,0
284,95329064.71,90473204.0192,94103376.371463,25.6214371738258,38269.3957085508,0.0506342834203131,63823,2491,15,289.45,1001.3952,227878.79,0
285,98804653.73,93796144.314,97635248.168912,25.7470680218921,38625.7442259578,0.049859265050821,65861,2558,17,623.81,28714.4352,253806.77,0
286,49660607.41,47217038.2153,49069982.464447,25.7443315089914,38827.6836669273,0.0501954652071931,32927,1279,12,699.65,35372.736,203393.67,0
287,51165392.97,48458503.0045,50407064.010231,26.2841698841699,39509.95596139,0.0527567567567568,34038,1295,44,124.72,25121.3664,247895.2,0
288,49154557.39,46642981.6563,48567155.598721,25.9308975377284,39042.5396266878,0.0521683876092137,32647,1259,13,429.71,18418.7523,264303.03,0
289,96219537.19,91397932.0056,95074794.571357,25.6323824829249,38657.9096785858,0.0501245480112495,63799,2489,40,775.84,16216.416,220699.66,0
290,97038930.05,92161722.0488,95821956.478598,25.9126952342811,38862.2066680016,0.0502963556267521,64704,2497,12,595.15,12913.35,353157.51,0
291,91899150.32,87259965.2992,90711343.1702,25.2565681444992,37725.4311658456,0.0502011494252874,61525,2436,27,47.54,34717.725,301151.59,0
292,95361421.26,90527418.7865,94082067.385434,25.4904,38144.568504,0.050184,63726,2500,6,334.18,25905.2175,266624.76,0
293,97316854.52,92478681.9312,96188776.693678,25.7346534653465,38541.3285227723,0.0505861386138614,64980,2525,10,326.3,22113.9072,225835.51,0
294,95522327.77,90728673.1504,94384692.582518,25.5201775625504,38548.1548708636,0.0500766747376917,63239,2478,22,42.21,24434.74,283977.74,0
295,96297122.2,91433281.0628,95162330.468268,25.6057233704293,38273.8959459459,0.0504650238473768,64424,2516,7,302.11,15532.88,253201.1,0
296,94144844.87,89513056.6489,93116755.889552,24.9588118811881,37285.0870772277,0.049370297029703,63021,2525,37,210.56,30653.28,310777.44,0
297,99944544.79,94977316.066,98719813.093577,25.8860906625339,38723.1866679582,0.0498837659821775,66812,2581,9,30.84,34092.84,276501.66,0
298,98181141.07,93300616.6762,97027081.112586,25.9346456692913,38653.9925472441,0.049744094488189,65874,2540,50,254.21,26216.9175,128294.96,0
299,98014037.12,93186274.0091,96930813.320673,25.5102040816327,38467.0475353218,0.0496114599686028,65000,2548,35,179.23,2967.424,60922.86,0
300,71173940.03,67673446.559,70368930.142836,25.8716981132075,38368.7008247978,0.0492398921832884,47992,1855,30,240.56,24079.3371,379368.52,0
301,47736474.77,45405427.5236,47264576.487238,25.6544417277914,38905.0324123879,0.048321108394458,31478,1227,25,286.81,29529.0072,235158.48,0
302,48392048.8,45981179.0472,47846579.402209,25.5757818765036,38806.7753007217,0.049831595829992,31893,1247,4,215.57,15844.4792,259329.11,0
303,47316294.49,44996799.0506,46771428.218283,25.8352365415987,38594.041182708,0.0493637846655791,31674,1226,31,51.54,13061.7396,250149.56,0
304,49564152.64,47183580.8929,49116281.589701,25.5104570100697,38392.0624632068,0.0485127807900852,32934,1291,10,131.6,31221.1788,190627.59,0
305,50393479.68,47893424.9336,49827861.992616,26.2583918813427,39339.1722716628,0.0488992974238876,33637,1281,18,48.51,35714.052,219446.65,0
306,45860704.48,43534071.406,45380335.662077,25.8417508417508,38603.2865993266,0.0505218855218855,30700,1188,43,148.94,20274.7576,248392.07,0
307,48425110.52,45972950.456,47762030.347509,25.803671189146,38647.3348124501,0.0501675977653631,32332,1253,16,137.25,27665.118,221107.34,0
308,45809502.04,43453517.4767,45157288.226902,25.5955819881054,38920.5624808836,0.0513508920985557,30126,1177,49,166.86,30403.2726,292728.46,0
309,47790403.32,45428997.4778,47246491.223229,25.5274193548387,38540.6478387097,0.0502258064516129,31654,1240,41,353.81,15279.57,198493.48,0
310,47763416.48,45314047.7619,47096126.486453,25.5720064724919,38643.540841424,0.0507605177993527,31607,1236,44,152.75,7995.428,228548.38,0
311,93473562.29,88807143.3371,92337660.194495,25.2376717865804,37782.3614753436,0.0500404203718674,62438,2474,10,342.47,17799.884,248700.71,0
312,93847841.68,89113331.8744,92648691.874744,25.3136142625608,38025.8677795786,0.0506118314424635,62474,2468,23,96.03,18967.014,259292.49,0
313,96771990.52,91945565.3665,95575412.511339,25.3617439120189,38009.4228279654,0.0499214454045562,64571,2546,6,296.34,8280.864,253020.7,0
314,95780150.42,90960133.4096,94535541.202951,25.2492076069731,37947.7616561014,0.04986529318542,63729,2524,37,410.24,14535.1824,246884.31,0
315,94518703.35,89766202.0446,93400187.271219,25.3094855305466,37989.8325361736,0.049879421221865,62970,2488,30,542.6,16203.2832,295854.26,0
316,93345762.75,88760952.6381,92330441.548689,25.1060299473897,37776.5126467017,0.0497450424929178,62037,2471,18,473.82,13859.79,200544.44,0
317,94512546.99,89819146.8958,93382954.163648,25.2575757575758,37684.4286244019,0.0494856459330144,63346,2508,3,415.14,5874.345,213624.67,0
318,48850008.52,46498082.8519,48313051.858869,25.4687010954617,38223.7938341158,0.0485837245696401,32549,1278,16,364.27,11399.458,193769.24,0
319,49078728.82,46762412.4355,48651479.848475,25.23944742901,37665.9469071374,0.0477590176515733,32887,1303,25,484.33,7410.1328,243926.09,0
320,46032079.47,43824025.8834,45589705.163057,24.9506072874494,37272.9388421053,0.0478218623481781,30814,1235,31,166.77,1091.07,216546.04,0
321,97509889.34,92637112.7453,96371136.845873,25.7598736176935,38511.0147472354,0.0499921011058452,65224,2532,26,378,24398.946,284339.16,0
322,96347478.48,91526887.1914,95142722.916472,25.9193352249696,39054.5109363599,0.0499918929874341,63943,2467,15,558.59,30667.6461,206257.47,0
323,96481147.99,91678446.4255,95341121.205827,25.7693541917369,38700.8214961893,0.0496068993180907,64243,2493,26,279.36,27684.9252,189197.49,0
324,98798837.88,93975035.3181,97627467.294984,25.5483495145631,38368.4807300971,0.0493592233009709,65787,2575,22,295.02,12278.421,320726.88,0
325,96661920.25,91839801.2063,95520527.83296,25.4051282051282,38130.9350098619,0.0499802761341223,64402,2535,40,102.13,18074.9185,345780.12,0
326,94639650.12,90012230.7551,93604106.071888,25.1609697933227,37615.1232591415,0.0487321144674086,63305,2516,28,167.24,3159.1924,244358.13,0
327,93527034.23,88892086.7055,92498955.850476,24.9512779552716,37351.0520087859,0.049844249201278,62478,2504,22,215.44,19287.504,200725.17,0
328,96771990.52,91945565.3665,95575412.511339,25.3617439120189,38009.4228279654,0.0499214454045562,64571,2546,31,47.51,27489.4983,322908.62,0
329,94041596.1,89483338.5636,93041970.89165,25.3059012444801,37752.547611401,0.0488237655560016,63037,2491,3,473.42,10051.0368,256280.01,0
330,46523561.37,44165179.495,45929027.151544,24.8089976322021,36719.4643804262,0.0511838989739542,31433,1267,4,382.88,11845.252,266407.98,0
331,27456575.6,26063372.3991,27096373.53892,25.4022191400832,38081.2421636616,0.0505131761442441,18315,721,21,213.82,25895.6256,235839.1,0
332,48283704.55,45830689.1577,47659829.571016,25.0307570977918,38078.6313485804,0.0509542586750789,31739,1268,33,211.97,35034.96,213508.08,0
333,47454957.68,45122774.9883,46888350.884306,25.7146341463415,38581.2664065041,0.0491219512195122,31629,1230,34,222.74,26194.8672,252027.85,0
334,48907564.56,46491258.2178,48351895.119423,25.7968253968254,38815.5274285714,0.0499920634920635,32504,1260,47,509.6,8202.645,220474.07,0
335,45290018.17,43014782.1971,44776030.218117,25.6040955631399,38643.3602133106,0.0503242320819113,30008,1172,46,496.95,10029.1968,217051.2,0
336,48593262.18,46082857.6544,48009917.03043,25.9239302694136,38504.9621077655,0.0519572107765452,32716,1262,20,13.48,12335.7696,200718.93,0
337,47114912.83,44699739.6602,46474385.940951,25.923582580115,38713.9793179951,0.0510353327855382,31549,1217,7,520.95,18377.856,197365.67,1
338,49412102.11,46916263.2396,48767223.91526,25.7399068322981,38363.4333152174,0.0504736024844721,33153,1288,35,99.15,31401.0144,258924.98,0
339,48086871.81,45559042.5041,47284270.717797,25.6851851851852,38717.2880917874,0.0527858293075684,31901,1242,14,89.13,16081.4745,136579.14,0
340,47453780.45,45116948.3341,46956269.15785,25.3501602564103,38023.8625400641,0.0490384615384615,31637,1248,25,65.04,20221.24,83007.17,0
341,46645729.04,44384112.4959,46160268.071799,25.1704545454545,37861.7930519481,0.0493019480519481,31010,1232,27,499.61,33169.472,221821.34,0
342,47451190.32,45112451.4495,46856757.189624,25.2277070063694,37779.6101273885,0.0494904458598726,31686,1256,40,227.21,37497.5766,318554.85,0
343,61338277.55,58357777.5084,60729514.971554,25.1542197935641,37242.4271706132,0.0483788706739526,41429,1647,10,110.42,11233.4904,196747.45,0
344,46401727.84,44125320.0599,45832125.301105,25.219512195122,37724.9819837398,0.0499186991869919,31020,1230,31,86.22,18767.9856,252315.45,0
345,45730128.19,43533281.6897,45313793.570497,25.004061738424,37148.7637611698,0.0480584890333063,30780,1231,11,183.89,37476.999,197613.41,1
346,49541335.52,47090463.4302,48995609.449656,26.5904298459043,40179.5097485807,0.0495214922952149,32786,1233,46,141.57,12538.2348,245406.99,0
347,50096969.9,47611333.7208,49505811.355857,25.8449074074074,38655.0693672839,0.0493827160493827,33495,1296,15,638.23,19645.392,189294.03,0
348,48852427.33,46407762.9583,48280804.038065,26.115354017502,38864.3017740652,0.049920445505171,32827,1257,9,177.17,30928.6432,332017.64,0
349,49730939.05,47309303.3249,49216821.116594,25.9223529411765,39004.6580784314,0.0494509803921569,33051,1275,7,381.81,28331.566,227882.8,0
350,47987221.94,45640254.1452,47449169.942569,25.7946859903382,38637.0547020934,0.0493156199677939,32037,1242,41,406.07,23451.5568,320848.54,0
351,93665454.92,88954319.5215,92576380.886223,25.0202863961814,37257.5397454256,0.0499045346062053,62901,2514,40,440.76,25608.561,201344.8,0
352,95788369.42,91003003.1476,94693174.364472,25.383971291866,38193.1297527911,0.0503827751196172,63663,2508,8,263.85,22662.7632,225028.41,0
353,95075648.09,90326046.782,93968303.054495,25.3447167537164,38198.3318963439,0.0503214142225794,63083,2489,22,274.63,29836.3156,225346.89,0
354,48235086.46,45702435.3941,47538198.583139,25.2464454976303,38100.3842496051,0.0527883096366509,31962,1266,10,30.31,25173.764,309869.22,0
355,92433970.93,87734977.2383,91241361.363676,25.0342717258262,37712.7584373725,0.0504977560179519,61359,2451,5,28.36,16090.8644,191030.72,0
356,94795763.98,89975030.1938,93620825.396129,25.3018414731785,37948.6645236189,0.0508126501200961,63204,2498,46,401.19,34174.0041,206500.38,0
357,44550583.21,42355081.5865,44122118.304676,24.730198019802,36757.9069389439,0.0493894389438944,29973,1212,9,327.36,36238.1475,286987.88,0
358,38498766.13,36602565.0803,38003972.980139,24.7809152872444,37486.6271957157,0.0485686465433301,25450,1027,16,213.83,10728.7983,225645.94,0
359,46256443.05,43930573.522,45629529.745344,24.8415124698311,37213.5503218021,0.0497103781174578,30878,1243,24,202.45,24136.1952,258629.93,0
360,46013314.36,43698261.8751,45448792.65402,24.859463850528,37378.8093907392,0.0498862713241267,30602,1231,4,111.92,27182.2725,235841.85,0
361,100546667.87,95526696.726,99310613.246862,25.7426046868997,38627.2254590857,0.0505147906262005,67008,2603,41,242.22,13275.192,321763.41,0
362,96676330.6,91777027.3669,95493124.112496,25.7635350318471,38485.8003980892,0.0512778662420382,64718,2512,16,239.15,36106.3395,246013.24,0
363,97828822.64,92832055.9229,96527841.715619,25.6516103692066,38424.5179261587,0.0510997643362137,65309,2546,14,551.53,6596.4096,228800.97,0
364,99675840.34,94586417.1437,98367031.8548,26.0470169893323,39381.9993441328,0.0507743974713552,65925,2531,30,134.59,22339.1952,214933.12,0
365,8025445.55,7608815.3716,7913294.682015,24.8858447488584,36645.8700913242,0.0495890410958904,5450,219,19,324.97,1119.07,189304.68,0
366,48182431.88,45817271.1557,47735815.94037,25.3568596352101,38209.7001427439,0.0486042823156225,31975,1261,24,240.18,11968.9752,245764.21,0
367,43827451.4,41719210.3552,43422490.317369,24.5979814970563,36860.7665264929,0.0485702270815812,29247,1189,11,258.64,5270.6556,194706.04,0
368,45765027.75,43552825.529,45265734.886165,25.015397082658,37086.7323743922,0.0493435980551053,30869,1234,31,542.71,19020.806,239919.38,0
369,51165392.97,48458503.0045,50407064.010231,26.2841698841699,39509.95596139,0.0527567567567568,34038,1295,1,208.31,22989.744,240345.09,0
370,48815002.84,46352316.9565,48205200.204605,25.8086124401914,38927.4344816587,0.0500318979266348,32364,1254,36,50.99,7521.99,195970.46,0
371,47345491.6,44947371.5682,46715357.865069,26.1031353135314,39063.9369636964,0.0513531353135314,31637,1212,2,209.09,7390.5244,285517.6,0
372,97363694.62,92519964.1906,96229819.646217,25.6197238658777,38407.7690808679,0.0495660749506903,64946,2535,5,533.35,32280.5184,221260.59,0
373,99575205.01,94595057.7232,98265251.685562,26.1014095536413,38987.9424471417,0.0497689898198904,66663,2554,36,380.44,9225.4605,193278.73,0
374,93232180.8,88654870.5646,92179703.67402,25.9435146443515,39009.2806694561,0.0485062761506276,62005,2390,38,227.03,3892.587,242752.02,0
375,93778208.98,89171363.8967,92697869.072012,25.7434210526316,38560.1188240132,0.0490254934210526,62608,2432,25,229.2,36737.811,336875.75,0
376,94261370.12,89650705.917,93209170.051972,25.5532520325203,38317.6301300813,0.0488943089430894,62861,2460,32,152.11,23543.2,339083.5,0
377,97680899.95,92967698.852,96640107.860532,25.9936583432422,38716.1712049148,0.0482362267142291,65582,2523,40,294.84,30074.139,212182.88,0
378,96845095.05,92016865.4651,95621961.377259,25.9841080651569,38476.3985101311,0.049233214143822,65402,2517,47,128.13,1072.7468,209401.46,0
379,96538252.82,91722578.6659,95438163.049806,25.8094665062174,38723.7275651825,0.0497994384275973,64343,2493,30,433.24,13424.6574,206581.37,0
380,95510084.22,90760003.1723,94429820.796374,25.5399117529081,38311.3053429603,0.0495306859205776,63671,2493,16,391.56,17327.9424,334404.23,0
381,92806803.58,88129758.2946,91646408.523199,25.098207008965,37818.5833659332,0.0507538712306438,61591,2454,13,465.6,2756.7204,212966.58,0
382,92339350.23,87540646.7994,91073854.440774,25.4427449359239,38172.530066143,0.0514551467548574,61546,2419,22,314.18,6255.4125,231095.42,0
383,94059364.45,89394236.0064,92884019.755844,25.3384615384615,38080.7143522267,0.0501255060728745,62586,2470,43,156.27,18907.2164,191321.58,0
384,93980557.33,89143802.3593,92837337.039939,25.2516,37592.222932,0.050592,63129,2500,18,485.11,7280.4186,212331.59,0
385,95647020.27,90912178.037,94615365.228684,25.6431166733952,38614.057436415,0.0497254743641502,63518,2477,31,181.84,6708.474,198873.96,0
386,46048768.09,43673763.6468,45468605.336619,25.2462932454695,37931.4399423394,0.0505189456342669,30649,1214,47,188.32,17657.91,284349.38,0
387,48892032.82,46418005.353,48310059.201809,25.3180404354588,38018.6880404355,0.0502177293934681,32559,1286,23,342.51,8669.4138,371464.39,0
388,48045878.74,45638456.701,47494498.037367,25.3904761904762,38131.6497936508,0.0502301587301587,31992,1260,2,447.18,15367.7524,205325.52,0
389,96190476.06,91461624.4009,95099708.041617,25.1618972951784,37706.9682712662,0.0499451195609565,64188,2551,24,227.43,33178.7544,266351.81,0
390,95651885.2,91009893.3066,94635714.65962,25.1612648221344,37807.0692490119,0.048802371541502,63658,2530,35,29.71,29444.0608,285900.19,0
391,91283101.62,86681063.3751,90171389.063264,25.0976013234078,37751.4895037221,0.0498800661703888,60686,2418,4,220.01,10345.3119,194928.33,0
392,96336029.49,91543605.9109,95152655.974093,25.3321499013807,38002.3784970414,0.0497396449704142,64217,2535,45,205.68,25162.5075,327392.59,0
393,93027992.19,88389527.1263,91848976.111332,24.8431608503811,37315.6807821901,0.0497874047332531,61934,2493,42,21.26,13157.6688,267795.02,0
394,90698949.85,86193977.0138,89639408.387532,25.2295081967213,38124.8212904582,0.0495628415300546,60021,2379,12,404.62,31695.6618,313022.6,0
395,93854021.65,89202934.3161,92828076.785869,25.177296430004,37647.0203168873,0.0495627757721621,62767,2493,6,234.3,6572.664,248926.23,0
396,94016624.39,89384848.9923,92955228.220739,25.0179282868526,37456.8224661355,0.0494501992031873,62795,2510,5,313.17,1897.0216,249031.94,0
397,97449193.19,92569003.1288,96162998.730731,25.2848791893998,37977.0823031956,0.0497895557287607,64881,2566,40,396.62,2978.8458,246115.47,0
398,98735999.59,93699531.639,97370516.842745,25.799531066823,38583.8216451739,0.0508245408362642,66021,2559,36,40.03,8110.3446,288497.38,0
399,99302389.27,94341223.7911,98075594.16608,26.133359559402,39064.6692643588,0.0507789142407553,66431,2542,44,110.03,30908.9088,208571.33,0
400,98231418.1,93268375.6177,97013484.087006,25.5471255377395,38416.6672272194,0.0507000391083301,65324,2557,45,45.7,15394.218,217160.75,0
401,98583450.15,93614389.3403,97384334.61545,26.2133492252682,39167.0441597139,0.0501549463647199,65979,2517,28,80.37,23040.18,247824.94,0
402,100651520.16,95627463.7679,99439326.037837,25.5784839203675,38534.2726493109,0.0501339969372129,66811,2612,23,253.53,9112.2066,285922.69,0
403,100457347.67,95422670.6359,99250679.452907,25.6540084388186,38533.6968431147,0.0500498657460683,66880,2607,32,232.08,30098.068,197654.57,0
404,98575291.3,93631015.8293,97441082.688151,25.7685366810514,38672.142526481,0.0500392310710082,65684,2549,5,255.46,3978.612,211067.91,0
405,94632402.15,89800716.8708,93361473.72303,26.0955125566077,38959.4080485797,0.0506957595718403,63386,2429,42,414.92,13194.3852,271146.8,0
406,95329064.71,90473204.0192,94103376.371463,25.6214371738258,38269.3957085508,0.0506342834203131,63823,2491,15,312.81,14567.256,236065.71,0
407,94330353.12,89484403.0235,93051803.219997,25.1942880128721,37944.6311826227,0.0507964601769912,62633,2486,10,353.57,27316.11,191935.92,0
408,94200514.35,89451967.0511,93004213.074612,25.289947937525,37725.4763115739,0.0503924709651582,63149,2497,23,403.4,35770.0926,191246.08,0
409,95136986.54,90348935.589,94054597.885093,25.3562248995984,38207.6251164659,0.0503734939759036,63137,2490,30,27.99,20154.6528,189681.66,0
410,95019660.26,90158333.8546,93740035.125563,25.2159045725646,37781.1770417495,0.0512604373757455,63418,2515,27,510.27,8085.141,296459.79,0
411,96498235.14,91641367.2482,95296676.221904,25.3089976322021,38081.3871902131,0.0504301499605367,64133,2534,29,21.35,26514.18,230448.67,0
412,93623178.37,88857010.4489,92436473.932274,25.4216720779221,37996.4197930195,0.0506290584415584,62639,2464,17,385.22,22860.6966,312409.87,0
413,48201807.73,45671287.7615,47465890.446371,25.1904012588513,37924.3176475216,0.0517387883556255,32017,1271,38,234.03,9817.6302,263266.43,0
414,97749552.64,92813198.8415,96557138.350483,25.1747873163186,37799.5176488786,0.0502706883217324,65102,2586,24,158.9,11902.656,261791.74,0
415,95680802.54,90866969.3912,94541581.856635,25.0891944990177,37595.6002121807,0.0507269155206287,63852,2545,33,320.28,29947.4784,191609.16,0
416,91588963.54,86977991.5151,90439870.798132,24.9510603588907,37352.7583768352,0.050252854812398,61180,2452,44,395.35,19893.924,222199.01,0
417,97996267.21,93167432.0155,96873641.090469,25.7794466403162,38733.7024545455,0.0494189723320158,65222,2530,34,373.43,5311,262172.11,0
418,99089397.15,94154925.4688,97912105.853571,25.6492045013582,38451.4540745052,0.0497982149786574,66098,2577,5,47.27,22281.0588,261097.9,0
419,97897987.84,93057347.3007,96835771.26481,25.8011928429423,38925.6412882704,0.0497733598409543,64890,2515,42,151.4,8886.376,193754.93,0
420,95719794.81,91147867.2766,94686298.070737,25.5367705835332,38257.3120743405,0.0486610711430855,63893,2502,23,46.97,16231.644,296960.25,0
421,99944544.79,94977316.066,98719813.093577,25.8860906625339,38723.1866679582,0.0498837659821775,66812,2581,11,217.74,23650.9644,316488.18,0
422,99089397.15,94154925.4688,97912105.853571,25.6492045013582,38451.4540745052,0.0497982149786574,66098,2577,49,133.76,5362.3056,207169.12,0
423,93532670.34,88794029.0792,92288224.586505,25.4714518760196,38145.4609869494,0.0503384991843393,62456,2452,20,43.16,33701.0885,193254.09,0
424,95188190.83,90365078.0391,94036899.061112,25.2435794542536,38197.508358748,0.050846709470305,62907,2492,42,315.4,5134.8816,231219.92,0
425,94185446.93,89460961.6035,92962745.113092,25.4582319545823,38193.6118937551,0.0504825628548256,62780,2466,22,348.53,27461.2352,297813.24,0
426,96941862.87,92033960.8609,95619992.53169,25.7318927571028,38792.2620528211,0.0509243697478992,64304,2499,6,150.2,5295.4712,294916.09,0
427,95352895.99,90464526.3277,94138824.134134,26.0659250103008,39288.3790646889,0.0509394313967862,63262,2427,10,26.2,17387.2928,258120.3,0
428,94792948.4,90045276.4067,93656604.018185,25.6223210675293,38331.1558431055,0.0502709260008087,63364,2473,17,593.31,29807.712,233961.83,0
429,95099180.56,90266775.9627,93912040.633108,25.8441822620016,38689.6584865745,0.0508258746948739,63525,2458,37,260.27,18665.22,232535.93,0
430,50376398.86,47873334.1697,49753119.034603,25.8608762490392,38721.2904381245,0.0502229054573405,33645,1301,20,337.97,21412.2051,371566.65,0
431,47792311.29,45343954.4349,47236018.499786,25.7836304700162,38729.5877552674,0.0510940032414911,31817,1234,23,88.86,7293.4272,190816.25,0
432,44751882.66,42531615.7186,44253842.497873,25.7174849267873,38545.9798966408,0.0501894918173988,29858,1161,4,201,28016.07,246809.87,0
433,48516991.5,46067235.1052,47928324.324107,25.7896825396825,38505.5488095238,0.050547619047619,32495,1260,50,43.66,5326.0263,229865.78,0
434,49298377.33,46777566.096,48637041.412456,25.7464566929134,38817.6199448819,0.0501968503937008,32698,1270,36,302.95,18591.82,356534.49,0
435,50208348.86,47658393.0216,49527905.20645,25.555981595092,38503.3350153374,0.0501226993865031,33325,1304,24,378.48,24541.1301,312553.8,0
436,97373711.3,92429241.1577,96109124.837633,25.9171644763043,38778.8575467941,0.0495898048586221,65078,2511,33,203.22,10082.6124,194504.91,0
437,96435674.8,91610607.8611,95245470.150728,25.9317817014446,38698.1038523274,0.0497030497592295,64622,2492,50,367.54,15084.979,261366.16,0
438,94336750.02,89655328.6004,93172416.41027,25.6459779501837,38520.5185871784,0.0493875051041241,62807,2449,25,534.68,12605.6376,198576.75,0
439,96747529.52,91987664.7891,95671644.714227,25.6869009584665,38637.1923003195,0.0491413738019169,64320,2504,21,634.84,20803.5048,202432.76,0
440,95639223.4,90841735.3163,94422199.259344,25.5937122128174,38548.6591696896,0.0499556630390971,63498,2481,1,344.02,23348.34,249327.51,0
441,98810402.84,93820618.4318,97600846.32674,25.6171047469596,38764.3793016869,0.0499293840721852,65298,2549,15,214.66,28133.865,239436.94,0
442,95729761.86,90919071.9868,94471172.94015,25.6988727858293,38538.55147343,0.0497504025764895,63836,2484,33,376.5,30260.962,267769.82,0
443,96681259.2,91834830.0693,95576662.769483,25.8947791164659,38827.814939759,0.0499156626506024,64478,2490,1,202.04,7304.1948,216679.52,0
444,96561080.38,91742721.2269,95341483.302979,25.484467164766,37971.3253558789,0.0503381832481321,64807,2543,15,559.48,18405.072,179569.21,0
445,91588963.54,86977991.5151,90439870.798132,24.9510603588907,37352.7583768352,0.050252854812398,61180,2452,17,579.17,26543.61,163245.91,0
446,103361078.41,98123190.0414,102073844.971761,25.5060953084595,38182.8882194311,0.0500886590321389,69045,2707,44,500.15,11670.7888,269822.54,0
447,94198711.38,89426462.5095,92982029.597256,25.3450080515298,37922.1865458937,0.0504549114331723,62957,2484,4,87.23,19140.0594,218316.48,0
448,95516014.33,90698834.3412,94363705.82136,25.3728139904611,37963.439717806,0.0503974562798092,63838,2516,30,133.03,20185.4016,336241.72,0
449,94082241.63,89310219.732,92908756.709055,25.1310621242485,37708.3132785571,0.0510060120240481,62702,2495,29,622.72,21988.95,197330.1,0
450,47824237.98,45421910.0801,47189926.451354,26.0955943474647,39754.1462842893,0.0507065669160432,31393,1203,37,322.91,24856.227,199363.98,0
451,51165392.97,48458503.0045,50407064.010231,26.2841698841699,39509.95596139,0.0527567567567568,34038,1295,8,322.61,23611.8652,214499.33,0
452,49849299.9,47315493.2343,49196019.774716,25.8141732283465,39251.4172440945,0.0502913385826772,32784,1270,17,612.74,5520.1365,213913.68,0
453,47050275.48,44686948.7282,46520140.624196,25.5501222493888,38345.7827872861,0.0506112469437653,31350,1227,40,176.34,26874.36,289711.66,0
454,52082954.78,49412470.8111,51413709.594012,26.170531039641,38955.0895886313,0.0509723261032162,34990,1337,12,120.56,24672.6312,279371.17,0
455,50405685.26,47863219.0955,49771971.346332,26.0132501948558,39287.3618550273,0.0505378020265004,33375,1283,6,673.42,23671.5793,214379.13,0
456,92276079.51,87601041.3651,91106811.612776,25.3493038493038,37787.0923464373,0.0506388206388206,61903,2442,20,19.71,26809.11,319417.88,0
457,94610272.74,89864081.2513,93371290.095088,25.4232012934519,38241.8240662894,0.0504890864995958,62897,2474,7,337.45,10502.0916,208550.12,0
458,94748767.31,89951607.8838,93589823.322197,25.5233644859813,38500.1086184478,0.0513531084924827,62813,2461,24,339.63,9721.2258,267257.39,0
459,96676330.6,91777027.3669,95493124.112496,25.7635350318471,38485.8003980892,0.0512778662420382,64718,2512,37,28.03,52270.456,234656.55,0
460,97228092.64,92275332.437,95956095.038334,25.5334909377463,38308.9411505122,0.0501260835303389,64804,2538,16,606.1,51096.2848,276256.34,0
461,98621440.56,93612443.1292,97275687.380306,25.8160284247927,38934.6389893407,0.0506592972759574,65392,2533,16,295.9,105544.6536,352463.77,0
462,100546667.87,95526696.726,99310613.246862,25.7426046868997,38627.2254590857,0.0505147906262005,67008,2603,48,43.41,87321.0086,235302.49,0
463,97008134.05,92145696.0904,95828229.421309,25.9302884615385,38865.4383213141,0.0501602564102564,64722,2496,3,510.22,104095.236,309783.82,0
464,95661391.12,90834630.0568,94447886.065536,25.6238495398159,38279.8683953581,0.0506602641056423,64034,2499,44,99.59,62734.6083,240597.61,0
465,95316000.37,90538045.5288,94157330.614239,25.6365834004835,38402.9010354553,0.0500282030620467,63630,2482,23,230.51,77669.9476,189229.44,0
466,94465447.5,89698731.7613,93287950.777525,25.656045751634,38588.8265931373,0.050171568627451,62806,2448,8,140.23,70909.0368,317639.83,1
467,95661391.12,90834630.0568,94447886.065536,25.6238495398159,38279.8683953581,0.0506602641056423,64034,2499,13,518.28,52496.5372,219521.45,0
468,97860234.19,92940741.1714,96669581.349554,25.7755827736073,38664.6519913078,0.0504464638482813,65238,2531,38,536.84,49085.8368,248585.5,0
469,46946591.58,44631405.2456,46436063.585205,24.5943396226415,36907.6977830189,0.0493003144654088,31284,1272,40,111.24,61579.2,222207.99,0
470,45859903.8,43595541.2778,45310241.94353,25.1542857142857,37436.6561632653,0.0494775510204082,30814,1225,9,240.51,58501.4976,388747.56,0
471,45626892.68,43383582.0237,45075875.928446,25.201652892562,37708.175768595,0.0489338842975207,30494,1210,50,258.45,58409.4602,210501.12,0
472,47139613.75,44768953.2512,46512581.130455,25.4244372990354,37893.5801848875,0.0497347266881029,31628,1244,34,243.61,46232.4625,248035.82,0
473,49201451.47,46762510.1601,48646175.578918,25.165250965251,37993.3988185328,0.050007722007722,32589,1295,18,205.67,70338.4668,246307.46,0
474,94059945.98,89403593.1832,92943525.282279,25.4323671497585,37866.3228582931,0.0495893719806763,63174,2484,26,282.97,45488.5992,197914.03,0
475,91111281.88,86636518.9412,90085474.955869,25.0348932676519,37402.0040558292,0.0491543513957307,60985,2436,15,378.72,51503.3414,292854.67,0
476,93462046,88851471.2328,92342277.941843,25.3977180114099,38085.5933170334,0.0493643031784841,62326,2454,47,421.51,39529.08,271396.13,0
477,91912895.98,87446749.7951,90914437.442241,25.2046014790468,37762.0772308956,0.0492604765817584,61348,2434,27,265.85,65750.744,306031.35,0
478,95189844.6,90435307.3285,94102709.952572,25.5032,38075.93784,0.049852,63758,2500,8,463.18,64434.6,233922.5,0
479,96259598.71,91548648.4237,95210488.943083,25.1846635367762,37660.2498865415,0.0491862284820031,64372,2556,34,326.05,59494.4988,291613.95,0
480,96259598.71,91548648.4237,95210488.943083,25.1846635367762,37660.2498865415,0.0491862284820031,64372,2556,43,13.24,54880.272,214656.31,0
481,91786535.29,87164272.614,90710167.640834,25.2013120131201,37632.855797458,0.0495776957769578,61466,2439,45,386.92,50734.2924,232078.01,0
482,91042297.56,86578543.5429,90124409.632332,24.9926229508197,37312.4170327869,0.0484426229508197,60982,2440,17,110.55,64363.95,305990.94,0
483,95162211.06,90454723.2064,94051922.86535,25.3028979753871,37777.7733465661,0.0497419610956729,63738,2519,1,238.8,55649.8404,255881.08,0
484,97289754.44,92427648.6512,96156462.988153,25.2130570758405,38033.5240187647,0.0496677091477717,64495,2558,5,233.91,45616.9272,344572.14,0
485,92135152.72,87527091.9257,90892466.156695,24.980065093572,37483.788738812,0.0497965825874695,61401,2458,39,232.81,43631.9095,266695.84,0
486,97775979.61,92923943.3103,96688752.869249,25.3286549707602,38119.2902962963,0.0497582846003899,64968,2565,15,265.33,47842.74,299020.34,0
487,44658402.27,42423758.6484,44101956.469641,25.4706382978723,38007.1508680851,0.0495148936170213,29928,1175,11,516.43,51553.845,198212.4,0
488,45701651.74,43352967.8305,45066136.268006,24.4939172749392,37065.4109813463,0.0506569343065693,30201,1233,23,273.3,43518.1824,274115.05,0
489,18544701.54,17612892.4125,18326953.218413,25.2991803278689,38001.4375819672,0.0484631147540984,12346,488,7,452.33,51486.048,374558.93,0
490,46489099.65,44192172.0038,45977833.878747,24.9003189792663,37072.6472488038,0.0490430622009569,31225,1254,21,65.52,50994.8481,251111.11,0
491,47819505.16,45447882.5061,47267683.023195,24.830985915493,37417.4531768388,0.0499295774647887,31734,1278,6,357.67,43423.264,349054.23,0
492,47711999.74,45383114.9097,47232406.645598,25.1162974683544,37746.8352373418,0.0490822784810127,31747,1264,16,154.52,47544.855,313876.76,0
493,43539064.24,41410020.8977,43041699.887894,24.7339606501283,37244.708502994,0.0493669803250642,28914,1169,8,351.07,44141.65,366024.27,0
494,97192358.66,92326256.0389,95942724.559463,25.2311265969803,37627.7037011227,0.0501006581494386,65172,2583,26,293.72,53373.636,335329.56,0
495,33641101.67,31998818.7596,33259034.885802,24.9132369299221,37420.5802780868,0.0494215795328142,22397,899,48,540.99,38989.132,330551.25,0
496,49255919.99,46866150.3893,48781888.839522,25.3343653250774,38123.7770820433,0.0491640866873065,32732,1292,36,761.29,48528.2496,229032,0
497,48759390.91,46357949.787,48170345.008528,25.35697583788,38004.2018004677,0.0488230709275136,32533,1283,48,202.76,54795.76,194915.19,0
498,48442794.2,46110956.0893,47932709.535332,24.9905734485467,38054.0410054988,0.0493872741555381,31813,1273,4,265.19,106142.7431,200819.21,0
499,46692416.91,44347804.5803,46045613.396388,25.3249185667752,38023.1408061889,0.0499022801302932,31099,1228,46,244.63,74111.5599,238215.75,0
500,98325711.11,93434642.2953,97188271.642982,25.6270459859704,38318.6715159782,0.0497934528448948,65759,2566,42,44.11,69611.3334,276693.56,0